Timestamp,AQI,PM2.5,PM10,NO2,CO,NO,NOx,NH3,SO2,O3,Benzene,Toluene,Xylene
2023-01-01,57.450712295168486,22.373509764221755,35.8188467576508,18.665480741619497,1.9954093466243479,33.90464866573524,46.160083991218535,5.027887039274503,11.308772400163937,13.508138859501738,3.486173482422383,1.8611738576750902,4.648238122104845
2023-01-02,56.26039756966035,38.554632477692756,47.75705710599066,7.821650833393533,4.727858750243332,7.918411751733576,10.385405941229457,13.489716161232442,3.5843983721080375,70.01626521750923,1.4310025882444115,7.289828918269342,1.838836104716344
2023-01-03,70.49654901173686,21.49170411179408,55.921233444151305,23.08613646785566,3.3934531011021702,31.099270434265907,10.536482285445773,9.973354279096652,12.469789316358781,39.07246111786844,1.033988182064804,3.2868575036895935,5.989716859567837
2023-01-04,78.7318162433782,54.163673498089096,89.78514368342007,8.453913400925517,5.517485602820933,30.266806458178568,25.334816637130047,17.722978020508215,28.444560315440498,90.81272682618993,1.0046990410021093,5.491967919880985,0.3965529396043431
2023-01-05,44.21152424240856,,33.32115278047147,4.714587204666587,0.8222538083487645,30.229704248727693,12.57049537505748,5.099072904352628,19.96856312435963,89.93063700406323,1.776327342231611,7.129411462299116,2.967688473236669
2023-01-06,39.315849651784035,25.809174366085628,35.63635182826823,7.748488181737678,2.6006388436741306,32.156944996840465,17.561802789148395,13.87845080589084,20.801416162681793,39.2761556525573,2.2067923369211266,9.05250905641967,6.285658658577941
2023-01-07,68.96081877922595,35.24452585508653,65.00143347546951,17.005252228282284,3.493492399926126,35.4410571751863,33.72024545371261,12.547290322801729,19.703900301853917,91.08648061214211,4.171650938169835,8.025816350615923,4.598364784232138
2023-01-08,65.11530589276416,45.397474343851016,33.154507628756285,21.561124991059124,4.088900115633617,41.22450498563464,66.1809975705869,6.610728073864823,7.57177989086423,99.6541906148901,0.6874663580162893,6.925430144790879,2.23706697358471
2023-01-09,54.89176115735403,18.0878577094817,52.94179503928077,16.74136209951797,1.37895123020512,17.141932405769644,50.04340503585106,3.5954171693722796,13.713348194863844,84.28740977115532,3.701136652234982,6.956515232753864,5.620634330875772
2023-01-10,72.5138012024884,37.81897215043605,45.29394589718437,16.951610182005368,,42.12722345810279,45.88674081694915,13.381155449068254,23.02631435417291,86.03842129797061,2.7041290795275965,9.486284118304821,4.625649364417373
2023-01-11,52.52288378729465,36.12109090940918,61.59617111075393,9.563786856994504,4.6037219950967865,27.421505701855413,30.544217624568514,15.033351704514283,4.838441131488456,32.41078624981809,1.5109321791123633,3.3103289262170925,6.41070015375982
2023-01-12,44.318198833624514,22.568561357036547,26.77102444621027,17.689048441322825,1.3076785683387173,8.467622561044902,75.22276036029714,6.99691953150365,9.779877730511943,61.903215897198066,2.514815964210841,0.5105648948637804,5.933196452280622
2023-01-13,50.02913837075714,27.6040501342812,39.53487054583381,11.399358839253603,0.9312578905068033,7.634791815979064,37.79105288660342,13.251819476423963,9.736935037043901,16.05303225706311,1.5697161419074113,3.0835683142828874,4.95884179188263
2023-01-14,20.135646232147195,11.644433656793941,,4.740255453919909,0.24419450086662003,20.040724341322736,16.096493675704004,8.507487244618563,14.096529972646168,18.542614313950274,3.0208015806676998,2.569968106454068,4.007785867424349
2023-01-15,31.281609768126796,15.07199341509977,,4.663685933798945,2.1201872740025256,40.32036397001604,53.19465612824609,14.550930782369736,29.45032474638118,99.90033508299615,2.225835221990697,6.787428558582983,1.2388205802066825
2023-01-16,57.03947427976687,31.430075471135986,48.571194702534754,19.304603071947103,3.6869439619173976,36.84564206334121,17.968687543362098,4.785090222987009,3.8900713071470143,39.39753244833199,0.9055870924865058,6.520260197772526,2.2383975395059936
2023-01-17,52.71011447093594,28.132744048669895,48.323025927521755,16.240232305312368,3.1205846331704428,40.48767341025829,34.165619996118444,17.914085050087312,16.52362784265666,77.33655208439617,0.671257065322914,6.137883135694876,3.468975888753265
2023-01-18,67.70126660139022,44.714195467708606,37.029447035544344,11.254041384008291,2.0902927632548365,28.27710753987242,45.51883571024662,6.460782332846015,7.022211096341893,82.59985477241348,2.778808842153438,0.6543127104898101,4.874534438649832
2023-01-19,41.18237846928117,13.103349554896678,42.21079838492594,5.136032066702143,1.860683264929108,24.808954907997077,71.1955767279623,7.987933767366905,29.178943271472836,87.22209439065062,4.521823863101907,7.423391517281151,4.206921270679378
2023-01-20,28.697894983710523,11.834589338795626,18.565641558860676,8.72845875059958,1.8223986992097556,11.635363701782778,44.548260623808304,2.103747089526646,5.172498132368998,99.78654676619409,1.7853926641326594,3.5735389186121695,2.44783930248433
2023-01-21,74.28544878322853,50.526332084313125,83.84138053757906,22.01474266428185,4.064083902421219,19.76867391241902,59.1581136222165,3.1187320341042515,13.300828066124556,31.734683673118106,3.691700525390854,6.818031895562996,0.2504219907597423
2023-01-22,57.21669563092459,37.54018947092609,36.824536475369705,10.412171718444549,5.65877106759852,24.530871477824387,79.49717872993493,10.801376151534235,22.660779575368974,13.631574417372974,3.3274406392048586,5.787495070770457,4.070665930826348
2023-01-23,69.91574839842062,33.717757673049086,44.290326489622764,26.93567611369976,1.5576933510011453,8.987019335582776,19.204238392858713,6.084260857831458,21.727523984768467,47.00723661951274,4.664619080116457,3.755943791565118,2.427882710785496
2023-01-24,49.94045711224615,27.370019295439217,,7.257215761009726,3.6238298820627417,14.927537872004507,29.231206786366364,16.874124289101694,13.836401833030102,21.707260284605226,4.12280698476579,1.7784745374890236,5.929944745542174
2023-01-25,58.20996608672287,23.92152952778758,48.34028364922258,13.37085484071227,2.7002840210291064,31.920138232868247,37.62032529183524,1.279174384444123,11.702676702676111,12.018330024584962,2.8763657686367687,1.396979527774569,0.3867808691097713
2023-01-26,59.83277789433428,22.45215799509084,53.573598797627476,22.92102632011717,2.904161299828883,38.10484014076354,39.527972497718196,8.202786924766787,13.133146599480376,42.43841444273375,3.319449441347126,8.399424164566124,4.761656928185169
2023-01-27,35.96079928086658,17.45822589102185,19.63445427588456,8.124198867089747,2.6820930221795467,49.92563801268273,38.771475268588205,7.40956538861276,9.399735368441899,80.53644259677128,4.50209368626177,9.224776649774801,7.54349905254731
2023-01-28,61.255503632741515,,63.88148613559757,17.859518915295286,4.429952302787649,46.990099910460096,73.53277017895884,1.3672249874344198,7.749322283790395,60.95626221025638,2.0576420444759806,6.672986444260846,1.5603922834696962
2023-01-29,54.88815732824267,29.280770595617224,,12.035782893287202,5.445620917422459,33.915433979083616,59.98228511267995,3.362999581009694,15.52511153164892,38.150019028931865,1.7012940587031093,1.482624091174592,3.878866027854644
2023-01-30,67.79592318542217,22.446813546236566,58.7840272856719,,1.4613740765293077,23.95616239823324,52.553364986349266,8.85921082345407,9.518945169893005,68.89078049434477,0.15297430981246207,4.319258560438287,0.9130915361736778
2023-01-31,65.5277241886944,,52.98138789416087,25.896117195875,1.2692633970074039,33.62798141187047,31.656090250394747,10.364427104501486,10.048926617123003,30.881636227792963,4.1501002635381745,7.424922400998994,5.080318915638551
2023-02-01,97.37370329693502,67.624507957563,76.00350001589935,,7.321576808868572,40.35432281361044,67.66532689549064,8.681505197842512,20.3891697772876,11.294330146487653,4.024805431976488,7.908298398095647,4.4941471086505596
2023-02-02,61.15153333822939,35.42292373361034,54.53177173330325,22.517814512263627,3.7947475487764772,10.32512859155243,76.85423580394922,11.087815889829782,29.119045287596983,78.79180477927846,0.6118271386907418,1.6230769117653416,3.3774510888600924
2023-02-03,40.51537824606168,20.842672297327017,24.660421221056957,6.846547175736589,1.4048488619882804,23.445720036332972,67.48387977851586,12.307501823207948,18.9018416156625,66.13687763776082,2.9266011675502317,0.5002918290311329,4.266740767495182
2023-02-04,71.08289913924517,30.125717873490355,44.59383483503334,11.652719968618626,1.2189113009916486,42.79110285360277,10.109557363403104,1.188552601428877,4.155425077819055,78.6072362050864,2.3735103210177484,7.265301935865748,7.19328233605828
2023-02-05,48.67820324287823,30.449092719798248,53.70422454947934,5.3224856886176815,0.8620541039243638,22.27248283698698,54.54809591283849,9.817808029616574,4.116341187913875,13.504421501889905,0.6816745679946462,3.8876636718689537,1.7310955580263228
2023-02-06,78.36491658402456,44.97303546307379,91.08203978028286,23.15683658174966,7.0902365631327084,30.734252205223395,13.579476700947051,19.306485576864176,28.639850183675847,85.34076650475869,4.904784312597545,2.9175726503734722,0.37600319130170845
2023-02-07,48.18551196117109,17.589965778708244,36.68442634795579,10.145840359169492,1.3139253939290705,31.44962123879892,28.03250542336053,10.861613322461425,10.324142128605342,65.7573580032673,1.1520098485704418,0.6225259630004917,6.920986100652987
2023-02-08,52.65969165450538,34.9855653584126,36.30997753064026,18.921020840125504,2.059175124120569,13.301431391013772,14.166729024344018,13.87330308172011,4.577875610309312,60.70558156413761,0.42944748244374964,5.632844364234247,4.701513242625671
2023-02-09,67.26468785485773,42.31049071414621,63.9552437056792,16.275563784515956,2.044784371697886,21.300594874352978,52.265681706457144,6.9254133004207805,18.773248440210683,66.21526433030783,3.0147521595593574,8.585931986546827,7.147135952602371
2023-02-10,70.37976898271523,47.85261008573,55.32651606741556,27.48034583443791,2.952407909302369,20.05300799338695,58.06129394448247,15.705836184902488,19.46216579212745,87.79899221815276,3.7204467179518605,9.597500639589585,4.856172742622746
2023-02-11,64.20006368644061,37.89651456874222,33.24089579833285,9.993231345724096,1.0431319981735032,6.178851883942915,18.01413466461336,15.685508155646186,20.158134963323267,62.824285590301635,0.2589728856312161,5.874577030826248,6.519256501685679
2023-02-12,68.10318001314553,37.141164208589274,41.49573192013769,24.55711799257547,3.862497814134502,6.088629375110986,36.86872181314857,10.90462490542864,9.487256780011156,62.285534189936136,3.327716429762409,5.387382613528994,3.551452234170154
2023-02-13,73.52384324047944,34.357487146805276,73.61064256305862,24.481899903760855,1.1826406298024803,42.426366965409805,41.93655562688794,19.544262642305057,2.423099158005301,99.16112413591893,2.708230192162127,1.3080356621477904,6.048907464048496
2023-02-14,58.17172867666151,39.154889908063915,55.917385675478265,19.27092978092971,4.771948232354461,17.288186448776557,35.83371152326416,3.385454080490414,29.020430344725213,78.10571503617112,0.6059985434877373,5.714291614654698,7.321723441740876
2023-02-15,64.51355328222165,41.703209537103575,,22.801345667935983,2.002119249234707,28.313544480746696,18.471750033963513,1.3220056329020389,9.02500527935087,49.80644249060217,0.9453669970371742,4.109801250171249,4.662559117033209
2023-02-16,60.08985360364209,19.11382938782555,39.38171910206545,19.727931421751485,3.521329856389098,18.442650811494786,39.326345313123284,15.633006023384823,20.92873606547133,73.6657300029635,2.8830740568487947,6.2677851683939805,1.6101241743865604
2023-02-17,77.80540603477768,24.16221907310023,51.487910878445824,22.397538521006172,,47.330566030190326,62.58246334658927,16.33595520993277,21.785636356603867,45.03074245226097,1.5521523062151132,4.192900304827194,2.296621397235546
2023-02-18,69.38696974283485,31.264751821591638,67.3279059007781,9.670702281278452,4.758486445541974,16.668354148959818,14.970536517327883,3.2839373532909484,19.080207678225598,30.59879162351491,4.697747070391449,2.782841672778484,1.749427699799765
2023-02-19,45.952041105531364,28.684244321384266,23.61003816153615,5.043597411649507,2.6636652414161115,24.33455657325208,15.612600985733241,6.046073826213515,10.76140703798215,63.716668919898346,4.111827124471849,1.4021701146695769,2.125484815246717
2023-02-20,85.41722319052262,59.35732115250474,48.93347778365892,32.138602161467745,3.3475042039320577,44.27286127180708,34.833990428518895,1.3334949039659492,9.590695105393841,93.53638883025563,4.919479311916949,3.4917252235945093,2.590040504938084
2023-02-21,77.04397069334102,27.748677027987785,81.66208335370736,21.957153697326685,3.079460773676817,42.88701050563139,75.92079981332475,6.572863604830729,18.73471191567569,93.62255680139165,1.3723871108570287,1.4181259257336467,4.53004353667487
2023-02-22,67.58238305908769,36.33582275456542,42.23772315042178,22.907804801788757,4.74792097792485,13.374563803082479,56.80008527060399,15.689695604454759,26.25067774112736,40.77147502949413,4.851645800710087,2.1805210328278473,4.786334709817895
2023-02-23,78.55320884878391,35.53404225844671,75.16931535911534,19.20285863799526,7.81388740650011,41.118948940806966,57.506896967079534,10.841250026539,28.508544409855077,57.490971959952546,2.213045961978634,9.879693506505687,3.526698028486517
2023-02-24,79.74512364496975,54.86191452499569,53.168302549756646,,5.547511558935975,25.61840990320517,35.33439935865054,7.613816270197473,4.965362523305213,29.047230871287507,1.802842097037398,4.718983790612877,5.000282082602516
2023-02-25,80.48569422441952,51.25711872656509,45.8453737838251,11.071269040178812,4.845279643894799,26.733599243840985,51.55625538459769,8.063046603220275,6.335201152736156,99.6067998548995,0.3467126821498309,5.552781781797657,0.8362844197686541
2023-02-26,62.04474068604708,39.418977043203036,41.58365921585687,18.965190209447783,4.700419336453452,11.00659875871747,10.709182881942036,1.0257188885938948,28.452615245926232,98.30061170811422,0.3585497635120529,8.799376023003546,0.8847482490536478
2023-02-27,78.1040396912758,38.07394356964507,78.54039542498317,17.89299257751286,4.051139781489819,8.627068119070609,54.526723248667956,6.696210023739482,22.62298639337419,68.45580367367026,3.4908551541386084,9.957904554661534,1.5402697907897358
2023-02-28,89.9256726811071,41.89887091991478,98.82719269426721,14.402263549427593,1.3860073821604604,37.75726881381944,73.93008633033656,13.28271609112068,26.723827095233645,82.3972653709726,2.343852072726737,6.035787268774475,4.241004484714689
2023-03-01,94.45552868245541,,102.12096370247389,,5.724639158643388,27.34075185598849,52.88014278413734,19.509694432510784,7.673713755789608,74.359014515533,1.209955967576918,8.21850129991963,1.8691584938468457
2023-03-02,64.2255947399019,20.71597834243582,49.969341257398035,7.659716625370417,6.177620756578341,24.65828161768308,71.15890154264414,17.09415571269409,18.45240439106325,63.384239713552134,3.1084545009936404,3.605939731198415,2.409618347242103
2023-03-03,63.47879279666075,41.000250858570475,61.42586296675816,,1.6363096518776232,37.827870289357854,60.67811388262657,1.4483043282650534,21.63190864368926,14.801319729000792,1.3390047794255449,3.4045675957492656,3.322440122149354
2023-03-04,51.85283035098817,32.41633635272405,33.36672630186347,9.369703844811179,,39.44808045459994,18.43908914825832,18.072651488821947,21.043132792515234,50.9287908297395,2.930395596287671,4.325685349448322,6.532555767280963
2023-03-05,58.56851105964985,40.991343559649415,41.30271378715731,19.870405807883053,1.6448399375800755,12.15086754512091,73.17173151000893,15.880769852673893,13.428247344267547,70.73076719506695,1.860122860215183,6.888818995399666,0.3081246601203089
2023-03-06,96.75540800449988,67.59862392270996,109.08544048329075,18.684300189867855,5.633534440861946,32.460131726493856,14.651069104904241,15.827146347848627,2.4310569673566373,70.97784524953161,4.135405910397913,6.980821047923438,5.265154797845655
2023-03-07,107.07176529697135,55.90995087740381,54.510379880271174,25.329544017978815,2.0023362843383365,11.09093370249585,47.377723078343465,9.701919421067858,18.321929590519368,43.58103565801452,4.121411187757219,3.4947746291697825,5.417236942117346
2023-03-08,80.45926773040455,48.88664604684955,,8.326420812531772,4.065879093759171,38.81187887130706,19.949598665542037,8.562100566135554,9.086843097029046,94.75227879922275,2.4390169507997665,1.7654942792979726,6.429515086781765
2023-03-09,88.12838556660465,59.7427870752587,56.88866881655697,10.728226734858294,6.878834661684724,34.56298203202128,10.819462751163284,6.7553988478306595,14.60711889200093,25.062132901310292,1.8190136357415767,6.507764436422331,7.475472924670443
2023-03-10,73.29502575820355,46.898478681497586,38.008787875549245,15.959850173847421,3.0257240015543196,48.04765794875561,39.54239820893473,2.2482023201329495,28.812268422346886,55.03235015940046,1.8765430031395633,1.7190956907932629,0.35707522180446066
2023-03-11,60.322015242781426,24.064818958284913,37.82219337813792,14.717464835300868,4.213013518593799,8.103110736038953,30.65284953579094,5.336471906380283,13.172988893988173,72.17955788957406,4.048001175774268,5.995678828178636,1.3995129030030862
2023-03-12,83.42719081616382,40.063209863896624,75.76265910062267,23.360127710086893,6.806865917877968,7.567462451806444,44.02003456583221,5.685469064582468,25.514444986603948,72.74222253026284,1.708079465708299,7.087510216534936,7.112136093636746
2023-03-13,109.07596290026169,38.358063900192086,86.71508350211158,20.451609274433356,10.192712838556385,17.69841836119401,50.40399207141856,10.197464324493831,7.279136960979032,68.3775061091934,1.1243909311635456,7.155809215747291,3.77644478505872
2023-03-14,87.57148994256295,59.690514958080506,98.50655920929289,27.015328769614484,2.7250310034432492,16.77675576811577,13.061735061626315,15.201443725337185,20.82889394470081,34.77593921066742,0.5149728751890035,7.657985051266169,4.603806983681015
2023-03-15,106.33220340226327,57.6820148317684,114.01050425478137,38.07083324685576,4.884734740366309,16.11404595823999,18.610230658662196,10.002386739560986,29.356194724290418,24.058591181795975,2.3867962923336012,8.792164504873814,5.371612189040549
2023-03-16,35.04436636280058,,25.907323932844125,11.703251765231322,0.831162698591784,45.78145612344665,49.10496775152978,2.0990445394960515,4.853006824442231,67.23462941440397,2.4624472847072254,5.24961042366549,5.496719515065972
2023-03-17,81.40582121053507,46.2938846918554,55.485914953079195,9.108143024917439,8.085512319905286,16.229578993227776,34.021714722086074,19.198006218775873,2.2329583823613763,63.937190452549395,4.220452680974245,7.437367300530926,7.467575145868764
2023-03-18,72.45260617332235,39.64978264019855,55.48309624782152,17.689454801297295,6.769253306350907,17.237737675788395,61.04214412846136,18.91176206278813,14.140318193713203,26.142040926031687,1.1840696125857137,6.3821409859754485,7.976205455811023
2023-03-19,74.61018565203086,33.072090450035745,68.13450350135471,9.809676592887312,,39.17292180880837,55.66041540143578,15.918601319819759,4.593513525438281,73.4625231013507,1.9668572409751597,2.2730794280779842,5.817228195261334
2023-03-20,88.41149355016259,30.539366597180575,60.79568157123268,15.261017762649914,7.584202841232108,25.2382929102743,69.19230540929348,19.83523012972019,22.954761790934477,50.96547925602908,4.061188120579086,0.7440516262593776,2.4403254318001766
2023-03-21,59.265337937254756,33.70000633574017,55.525946131420554,23.46900139973315,3.3713809310448117,39.95197506298315,58.47449786684577,11.345164323204996,27.60736258775965,70.09845324428376,4.13575569266997,3.203143163930871,7.06206873789588
2023-03-22,80.47749796676428,40.89247416666001,63.30264676813524,11.48805522591528,5.321390414118729,7.941477090397336,40.09517541731037,19.292598654810917,14.152587235845248,85.36303717931357,1.9845942722959644,4.708820210207384,0.5839231334179406
2023-03-23,80.54702651647169,49.04728794625723,71.39954449833537,20.109889849087164,1.4515539848870014,26.940703715302295,57.10766356761027,2.4364957717182647,9.243925980352348,25.275558571923085,2.3497077141047367,6.362506472072234,2.0024306524210704
2023-03-24,92.03500516803477,46.75980175563657,74.11473773803755,26.271090377589008,7.176368586512225,6.512612008247718,29.276682197879296,7.947934216966055,14.163292932185074,11.723038119715302,1.5861008651614865,8.574613639780452,7.199608596216976
2023-03-25,64.10143999022716,41.08085651844841,45.2636954452306,19.918848845393587,1.3778100385490897,7.819394155490953,31.441944914474888,5.2822440921285505,22.256538899800027,80.11923277562082,4.6695189042546295,2.3643343087085738,2.1982938126269684
2023-03-26,67.63555164035522,,78.72218965523084,18.119199393766323,5.704794104196919,45.78968540049849,65.22896119445554,4.7208285985511305,2.2535165242503874,64.87276826373544,0.6813544521337436,1.6927230040355323,1.921078265049638
2023-03-27,80.11525511197954,42.01045201021537,82.88115865885624,8.246363691292393,6.439866728479977,11.266041700291783,41.24936614811075,3.6752560289608454,18.50471170557152,72.96756126599095,4.675372172707203,9.653059501006112,1.2773772864939283
2023-03-28,103.35512189265114,67.24919255194935,61.81455099840129,20.457946681302758,7.626266735266109,28.95893070238477,65.88662383628468,12.825859189753936,19.172167176846614,85.43394774897783,3.450945613993182,1.5264233140758676,6.901071709645949
2023-03-29,89.1875896683913,41.15054262450846,98.81339066636062,22.770795051862383,1.1821310429284964,23.499302117031796,67.56956615677949,15.845115259198796,19.855270913086194,82.25298413420505,2.704703548164983,5.045665166018297,4.100454421690476
2023-03-30,67.66606674633324,23.927133381246435,56.92081976966437,8.550280793403603,2.522695988412591,20.63044968164792,70.02936363628987,11.987669588986853,8.776618239464561,96.48281322359422,0.2600293978440298,6.062855423536368,5.464166983822407
2023-03-31,77.92599805692134,24.2749669284629,87.7592115947952,15.989485873725409,2.624557845615367,45.49250055592726,74.16446650888452,3.7922914821759837,21.99347625458755,58.23415709669064,2.430421339927841,5.643056998620663,2.0647177957852314
2023-04-01,73.63020212631749,44.32942414523974,78.0405539801975,8.096445696090877,3.122824504028816,5.982052854897027,40.16896543593074,16.411351628735947,4.558961617289739,53.96460693939148,2.0979657145133883,1.3173054918129603,6.112715283887488
2023-04-02,94.5292413775148,51.81372893672226,75.4011976894232,11.681313855146275,1.690924626519605,34.87053587790151,32.32067728247972,13.08313943611084,7.579569421070422,46.16984799016571,0.8899721786781005,1.041755683034384,6.128043250704368
2023-04-03,77.28542039040616,44.95166646349311,39.85829515278443,16.93145671823391,7.290040335597253,48.35274953960977,50.75391226158797,8.375148416412916,26.569161306325494,23.83219385597841,3.3164070571532194,1.5020925608798388,2.6382645942847414
2023-04-04,84.82170748928861,32.67210577207076,58.363624415365365,11.859323809527115,5.0759177250684875,30.20756825578289,35.98206964063393,13.808475615185197,22.684248220343857,61.53465095938202,4.8586394461046005,6.063082996789819,3.403324537480206
2023-04-05,78.42516051073898,27.805530098013186,68.94700541139007,21.195360687467996,2.940722984403344,47.157010791489135,52.07519167601631,5.938194605613824,2.384875512317667,34.93112718933809,2.8547251742161732,5.67127643252605,1.8355841639555666
2023-04-06,53.64810065631056,,50.61348263872478,16.461355884613884,2.4532384013657484,7.351604567871069,59.39101038506772,7.55865196139,8.954535290354405,92.91767609916779,3.602291054575335,2.72053752434907,7.817175981918654
2023-04-07,74.59504452879219,32.83935118280512,50.7635226292179,25.375444593639457,3.7482688532991713,23.845699358337264,58.18835129444958,18.432231019507814,8.003381523808608,62.48717238493878,0.4354072175734822,6.55885434753312,5.235700101055611
2023-04-08,75.95404234122987,40.70886588844783,45.38628117605932,12.156070271916327,4.865121491750054,16.707100593292303,36.218702091408495,6.519585607756987,9.582577185035232,63.35561624572991,2.1465682795032746,8.290641269528669,7.489442269581021
2023-04-09,79.8784034944137,36.49625228942708,86.6242277885254,12.001312734634263,4.506032480881964,37.88694342413284,21.680214118912698,9.929777095000794,8.93167356783682,41.9432194789309,0.6701565773060298,0.8950001185426408,2.566407240307239
2023-04-10,84.03756422741488,39.91700001120544,99.92751515424484,11.040044402208755,7.794087222200016,49.158369072376104,40.13705369235453,17.912681610524277,3.7507362807996807,14.679041677993673,3.102699594128901,5.232234463706403,6.29874912137574
2023-04-11,68.1843291836797,45.115080378963036,59.18284729896829,19.836803809568394,3.731504245801517,16.54385280999115,19.98159008573361,14.446705655083022,14.850334464710969,12.856938883568976,4.698562575249357,7.048448914975558,6.173697422300988
2023-04-12,77.613544999943,34.09580004449853,48.134019084393266,24.210980176711864,7.706576515748327,34.43785706633335,72.30679246286658,2.1818612971293523,22.516537294012622,48.100162973787775,3.342710889111029,2.8969633071620273,5.594914084559024
2023-04-13,70.01485407258741,35.39921585312339,48.353317446698725,7.664935203463624,6.065264016051235,13.914393474188305,34.21142225165002,3.7987578413004366,18.98848829208822,17.610884028751407,0.4763349367406655,3.4238236002849165,7.731984007081043
2023-04-14,57.612264942733496,35.34288948010566,29.547802442176888,21.94241888624029,1.6572713191123774,30.439861455722447,20.812182305632664,1.1489902246664196,20.840406720746234,64.61622599861252,1.8378644044269061,6.329560078399147,3.2697316216292616
2023-04-15,69.0506978329376,31.66783168584063,78.71842835104593,,6.4737493857333055,25.87696190097513,11.781343193402561,12.987514014354105,4.272176999014697,89.28757050756917,2.7982505592601727,9.0303852877155,1.2195951240001068
2023-04-16,85.232989535878,46.778820545135886,49.6418885390086,22.364190418345377,1.7449729329558343,48.74023983341917,55.207567040053895,9.505795082797949,28.64173988495004,89.462333486685,2.075718005052936,8.194281992877544,5.439329102103674
2023-04-17,115.15862584633837,74.27103562551237,,36.012193103191365,9.623860920013579,32.383727271340994,54.583162221832026,3.5512221671432354,25.477771347604694,69.31408691190092,4.184855651328345,6.039737081446043,5.888616443722208
2023-04-18,91.28216900839777,62.054371520789786,63.15253298488119,32.979402127305676,4.039792472413573,20.727786743906847,33.84229166069042,19.20074830007864,24.542528917878556,29.01086483256379,4.091887923078947,7.437106318693868,4.685472472978755
2023-04-19,86.97445995304047,31.208992616798884,77.22676271718632,27.32964357982646,7.74226541313169,10.134310319957002,15.01983221933557,11.063534754966778,25.04354654116949,87.66971482229849,3.0979719985057854,3.9658134669740877,1.8131795664404908
2023-04-20,73.16647037406717,49.06799952236244,69.9467265688206,24.914531248801797,6.447802672718853,11.806107293072056,38.674022642666245,5.595972588144894,28.11589422771732,89.74840917818874,1.929943931150256,6.5891725169381985,4.134756345020972
2023-04-21,39.932309241894565,19.840228771859145,43.15960902854163,8.059739942441452,3.295744699724447,15.13926184780558,31.78522465443755,10.511467851939443,17.239111051183535,27.698822645766285,1.3511482314398964,4.928725115711791,2.6350799452392093
2023-04-22,70.07987102227906,,45.16611878200605,24.13883876534874,5.683669507429426,16.29349976031341,57.39844478145066,13.912786321967047,7.607896500293525,76.36834771936095,0.6187841592443336,2.3043932963468285,3.534238919700175
2023-04-23,79.02371130304667,38.220157970865344,40.1201074841352,9.801662877841817,2.9571559825634606,43.2777226028512,52.404547461688324,2.448545141497725,19.26994101987115,35.78675940344107,1.838998649084115,7.166513601833943,5.232704891588378
2023-04-24,122.70324760432536,84.912246179521,73.10904175402753,45.209397673153354,2.120647770221459,30.255025472713623,35.5215609738278,6.219372485909948,22.80068182270229,82.23762811176367,2.1245453343178258,5.786414054813809,6.01267499298851
2023-04-25,84.60794187995667,42.05414379021249,95.60807839823174,22.359993368652475,3.9146585377359266,28.55259101184649,25.252478797849307,16.332344326795877,22.66168701391271,99.75141099132424,3.411532333009961,3.9069050285591183,2.0113525890304764
2023-04-26,86.40569097471284,37.284111310790514,96.05919867877058,29.82632266118164,2.2134724154086363,10.164599234114785,79.16251763089143,9.733632537650564,16.60057267667264,12.702340479645354,3.3249831390581104,9.157722305746992,3.3615378130462363
2023-04-27,72.4755451232257,40.10509241621634,66.54626073209815,17.082158784222404,5.257781761428925,43.70628620072458,41.780113483728044,11.384965698613604,3.9168441413401855,90.76292792118387,0.4435298842421591,0.698874119353966,2.2994602537347077
2023-04-28,49.8389361015608,19.739121690210695,,14.606461898342895,2.0508211550272004,37.526643644381764,58.17919650461659,9.223504041979917,12.391162276043579,66.03674802387923,2.0367706456126733,3.499844936870212,1.749326588122579
2023-04-29,86.21771514176172,28.48161966756003,83.24541736627835,22.237341915312733,8.432516566259954,8.045076285500071,19.838707730485254,1.8340989102170973,27.781465036974005,97.6044357248339,0.9907164493650734,1.0403732788876423,6.31042031596754
2023-04-30,87.94002692518023,30.915482563526965,54.76552193742473,28.094803364921113,5.952439425855151,36.85257937533959,43.991278976157844,4.149245816582963,18.36456947320793,51.85085657737849,0.8683822560523479,7.782009504105458,7.292171016608541
2023-05-01,96.1042797232303,33.753585166806474,109.56737086502012,11.963925160384045,8.074993991131612,29.459219780419073,11.927570390862584,9.465291136095928,17.073294411159978,86.26491375142363,4.153780533712505,7.170020814081029,3.0878110483396983
2023-05-02,72.28058900404599,26.07602316456168,57.328580639735776,8.536744153942482,1.5849124163418917,8.677640558605022,45.381858253731494,4.974523842750628,9.527898402701418,15.61546617384495,0.3053845619096619,3.6478460779950117,6.059975610115382
2023-05-03,101.29676501872915,36.01412690005148,77.81586793536232,17.638903971141072,8.871702711003309,25.623528868789542,77.48121849823916,1.9496015445338961,12.31656975766421,40.175114507046615,2.1539960919203947,6.918797570967194,7.196563257042406
2023-05-04,50.285631924631105,27.97640618817586,43.40868927123443,7.435404710374551,4.6789848786630035,26.811332920852113,36.89446990900602,17.02934361698465,27.06969049628874,16.031488397608896,0.9241979132559391,4.261403648861524,6.799768842135807
2023-05-05,74.43444392793783,27.74559035590805,39.664341898276376,26.91066189423525,4.007220916997949,12.45985430734741,12.72972088024381,19.6426580541182,20.6609653307514,97.78088201311635,4.408718056824522,7.684411018513126,1.625944430605962
2023-05-06,100.14050698350407,43.8882708949161,61.72644408686316,16.599710647923413,6.465347959030986,47.55641661501271,12.166905364354047,16.06971460593805,24.04683674906532,83.5276516544653,2.8294985150476726,4.814744795998708,7.659076675804219
2023-05-07,59.95763524042712,39.495015519723054,60.954342878419496,23.54893543970559,4.726633188780366,43.248891716629785,37.159073196280865,17.221913512388674,14.721671845894344,86.72926791213735,1.2337651182465554,4.416657414400823,3.1380762353498075
2023-05-08,73.8458783353863,36.15380894961277,41.20297741824481,14.848097528788472,1.9004588630837171,35.10600517980987,21.20174555242358,5.5975654760238625,19.64692214477242,94.41687082905048,2.5618937071152446,9.379934197138859,2.8460771571559236
2023-05-09,85.46517192720334,48.46072633577485,78.81653507726183,13.215938885327917,4.7203223709475655,25.803300245027323,11.634646742973015,19.251912534750794,8.954741044809811,17.659313750780683,3.6842831625452677,2.883351448961652,0.6869643527666867
2023-05-10,70.69975036304852,26.083113859533718,47.492159745910186,23.819421231418463,3.2436813924536514,23.52944937130288,62.93495297651238,4.74158838461514,21.752903247937617,44.7037833262,4.794778243705226,1.6442497299673715,3.9921545020180873
2023-05-11,45.999108125430524,17.337781784634352,35.53462979286619,13.689901869041039,1.0659676595543048,34.29380602179294,42.096610621732346,19.077166396874812,13.972837343693445,16.393140013960192,1.180185420802553,6.053159575964853,1.050306201999244
2023-05-12,64.55492868448165,20.42178684875089,45.32308685446316,16.103789552412156,2.7809035446557946,29.544434123310747,30.247134038085818,19.90156658535307,14.391274414812877,28.971379139502574,4.442290683433791,9.708557216699699,2.1386106032339227
2023-05-13,49.19387118245177,18.0823892471241,36.84477804904847,13.115532013521625,0.7937680943753375,7.802289764684852,73.00582281115365,14.522733309174926,20.181025088152687,30.642919933390512,4.6780901594207025,4.089472530408273,2.672152449784795
2023-05-14,79.71481639131517,32.79755600712528,79.98043681173998,25.170792950115782,0.9823313920000777,28.062619194664926,18.12972721403679,19.641730904044618,28.215857401129945,52.21964899428208,4.5904606682071245,1.0893492544734245,6.5088453232351355
2023-05-15,66.29537852378267,24.582604380256807,46.93614688530321,11.173185918011661,1.4694348125234902,41.28816277547778,76.91431802687235,11.82125581177497,3.792177705041386,34.17059507082783,3.2135303486233586,3.723400039440891,7.028811473087993
2023-05-16,104.91763010463609,35.197872881817524,94.05689783047156,41.85166099012706,10.143474253377203,25.665794491863114,31.977670216414698,5.9312938803457165,25.092810645716213,19.0880296135985,3.186121206730068,5.306350716035805,2.5592372761994637
2023-05-17,64.15379432478464,22.34183784254706,53.455204876030756,25.17638344254982,3.8144343771561418,7.338045989942079,72.18825706160769,9.302921827646797,10.186727091541407,25.074198018469694,2.075732102600732,2.03826856300603,6.897845345707676
2023-05-18,62.03203653306773,,59.83423004953746,18.305511673466437,6.012392767989945,40.38251897228149,52.20600135356231,12.277657772196934,14.42974472617858,23.254800719688184,3.786749623288561,6.7519710715366745,6.88640131148437
2023-05-19,73.28704220199312,28.034747831997723,84.70375755037958,11.715867026899334,3.5855545455506896,14.061370196118848,67.86951518190412,2.388549678513285,2.6135732057002508,97.57691181210684,2.7033406899195667,9.978619195596906,6.164277413002013
2023-05-20,44.177884901524195,19.690434268247692,44.743382505597936,13.433101990421125,1.6815628004243472,16.637937569961743,78.8809214247325,12.824522027727676,10.429290179360764,78.33632562266263,3.419446549018643,4.791525021823716,1.344221889318416
2023-05-21,73.49061070529962,36.84576028147735,47.802575134153926,8.94083262087915,4.082606821381274,12.411785904453314,30.1883806473122,19.642378898483596,16.073674793643654,97.09853187426057,2.199443728859098,3.8699212889370203,5.584518205825686
2023-05-22,97.11777342485479,55.95517544366369,50.67879236431834,,4.8127734277289145,19.85967791921739,77.2794839785315,4.6120453458908255,3.5729301657282924,49.57664378571177,3.6843326738113817,4.306689584927433,7.5711877037284365
2023-05-23,54.93712621553459,17.345016259961657,37.554186140214526,9.740619832470683,1.0718135307784293,39.053817755988575,37.263732643169426,16.059307209479282,15.750680422728625,35.05316334963909,4.139910436262291,1.5938886947544109,5.523815734383825
2023-05-24,76.01050799869118,47.10858860781243,69.66777706728101,18.15031258595271,5.143963114654767,28.372363677677182,36.98583333158456,18.25007708181277,27.959097608035965,81.8463877488268,0.817537657353799,8.891099213549126,2.786611423041105
2023-05-25,68.05804091541997,37.510880434138116,36.478978540463885,24.533681801187328,2.0038626009620164,14.219657336782065,33.8270972978154,18.930330263584196,4.951010107018546,39.36285262370321,4.181355606313717,4.440843727452844,4.104518675960484
2023-05-26,70.06769996692559,23.31177691814961,59.37931888128632,22.292089258376777,4.607856263090449,44.502353516841836,47.89853251433097,19.2425764837035,23.40434038611412,36.94450363348135,2.7474530057725057,4.179106908535992,5.236655338138219
2023-05-27,41.30270712911724,26.823276965030935,,,2.829982947782945,44.581183472818815,20.790153022494096,10.907733135707966,13.470789494527793,30.925539298704805,4.238862954542099,6.767057592839506,4.182449188082328
2023-05-28,47.448849625095185,31.712389310222328,34.826066491984086,10.801635735321637,1.1236948918350085,44.17602912707031,48.759803975060784,19.56885025183857,20.344864006681465,21.67110804018118,2.213378361070972,4.699317498845674,1.1356329455015646
2023-05-29,82.47844709578476,26.758580240978564,85.74777253639361,,1.2801864486172507,15.745829512169268,47.91933686870028,15.38889393555434,9.286624743586422,33.08167549150894,1.9572983783768718,6.658217953674537,2.634099548285761
2023-05-30,80.60538740637386,33.10874825914057,46.3173691466702,17.032855710584077,6.470076984599275,25.305770488144464,63.3331268823409,4.071757288502276,6.4657833511580325,41.97877736264989,4.58379758933439,1.0837397562424813,6.458689038318334
2023-05-31,74.0630443117871,46.10280173734932,40.926975156625566,29.350804452228964,3.8055101675363794,49.32453452633938,68.35549733563099,10.06110202289143,6.49295319959434,70.65947873311573,1.3307294109871666,8.230371765361161,6.919060759545036
2023-06-01,66.38545105887471,39.78505813977964,67.03152285504136,7.437345134944789,1.0113651925821914,39.740561433949566,40.83089452186968,14.648292332068076,3.97377447800805,15.630835799750642,4.236640393902101,9.434787552354324,1.2709402551814477
2023-06-02,45.13407164788354,16.871495457633557,,16.25320566487703,4.492553804007403,6.222533955150192,31.163327454604563,5.699466000562583,7.198107737234805,28.945624569880867,2.4717008052960803,6.663271168514166,7.628616668710052
2023-06-03,60.300904996004036,23.139852961803086,59.20835375220931,16.49848575035472,0.9165888606932353,7.934206606722142,28.153442812196612,13.17168848742886,20.598142779691113,82.81212762625087,2.619067668501173,9.568376324158702,2.764816419219153
2023-06-04,68.57886337806863,30.73628130250698,55.16340694204317,15.881810410242032,4.975613974035871,25.876911956554974,23.623668569341035,13.665409101885766,26.687337131618225,23.22297312253937,1.6114945792984718,1.9386069865146514,5.3660471620996155
2023-06-05,60.82898483651233,30.037911978604228,40.90636229876738,,,45.914909263770205,14.035330753931742,4.091295132362752,24.795519196552533,40.83806318702694,2.907906783033177,5.03545380006336,6.064236138462113
2023-06-06,101.00094134800176,55.27800797138199,108.41154427579777,24.846300497419335,3.1841768244569666,29.24158090787214,33.97135851842994,11.73662093660237,21.183760676485555,87.8193029672326,1.6935348617534356,6.217163972481749,6.53318063017549
2023-06-07,74.24655370055025,33.230192650638095,78.67098864113514,26.87925497491658,,27.40156286154306,28.917338449154826,15.660911308593546,5.092092175510874,23.94327800290984,0.29242012978409637,6.026498150501274,7.576847677362255
2023-06-08,40.12322279139567,19.4603202230848,39.573034286439764,14.854040746644298,0.8395641750309131,9.746316498048376,77.64921701064851,10.479017626182896,10.097248496286596,17.44631520563709,1.4327931661873448,4.313886901345911,2.6407724746248165
2023-06-09,61.95837867063666,,42.782359361424824,14.034581331230894,2.3107230658011337,34.555104712593234,49.03961783750307,1.229959218746041,10.674592509029132,53.608419557200975,0.13125731269229435,3.7118018889794833,6.896350345502126
2023-06-10,38.94504543364617,12.254965231384249,35.5631148131066,7.1288258855492,0.7436214873984951,41.99464222701015,34.30939273213553,1.1717309125065514,8.998794499133394,37.217756015068275,4.8939384565785975,1.7048282142289786,1.227157846802415
2023-06-11,72.71071743062384,29.155163760886435,54.728028429478115,20.192136951749134,5.256586470215354,22.118900337840305,50.63273206955872,7.783557535430232,16.42015847187225,60.70675280354687,4.832161328116762,4.221553280341643,5.699319069558023
2023-06-12,85.61933314531956,50.116406280765965,48.2985038050643,31.9967156859121,,39.902533291639735,19.743769094198683,18.59768730020386,16.995506816630833,82.34244014351276,2.036260957614295,2.045277743502109,5.98742629020909
2023-06-13,57.37568118059323,37.7579451981091,65.52988446414281,9.363634096017822,3.2043165568014804,48.40144942553652,41.08306244415421,5.3448588124685665,11.992807304791086,22.343363933746886,3.6690171862642655,7.476473926676075,5.486241281370299
2023-06-14,78.23772795170902,39.48431059162143,46.6119291530486,22.445619821524517,7.800514036703704,14.169490660746009,53.83640249947447,13.052910088562056,11.906096444620209,62.26291760988565,1.7944498822110826,2.4838938871986045,2.1680549418541935
2023-06-15,60.809941033783616,31.186098175041053,70.8536847346509,17.60253602631124,5.062872978610093,28.54983340376336,44.222848225471594,5.219441543173091,25.199556741370277,55.49578843508775,3.388356469721283,1.0563704002030716,7.009736546718586
2023-06-16,61.04485315855668,20.930375825544523,49.58087642193922,19.53031835644562,3.990486755624728,17.9212081138059,38.12451604580269,7.111729803531424,24.100199752951198,22.96709074118796,4.0466072109252975,5.747478309263726,1.517096014289081
2023-06-17,78.60047074925059,37.646870285319146,49.4863101251574,10.9624316708426,2.9524557961166202,40.67844885652277,79.56938722297888,17.112799702428195,10.618283287060878,66.15986369760842,4.73910559899198,6.154682460834315,0.6183513738624805
2023-06-18,53.78737251656988,27.59544508280036,47.29688594489026,16.929440461261784,3.5580683233996724,30.99170146465209,71.62203335042489,14.848367403128991,27.58607642845126,34.62763760746945,2.061040151663393,8.783174082164802,5.796226926772915
2023-06-19,53.47956007958998,21.23075437054178,59.419111532981184,19.932353798930784,3.0715307078287406,33.55620878976367,53.63841707116081,2.812586268951002,28.678820476070168,53.90508866896113,3.9381601164846343,5.981325317967977,3.908710578815323
2023-06-20,52.87088212883727,21.555315489655996,53.53480402723145,8.137089553770208,2.556175214293529,40.906137182715234,49.85641528275979,9.145338398742238,11.148791176841144,17.40450918493557,1.4030494080973823,3.7820681103727343,6.8229645556776735
2023-06-21,48.06112140309913,21.671416407504907,51.16552397402405,8.231091713608606,1.045999069694991,22.81867126981047,53.44623358772088,1.554225509260025,11.923898566205537,51.36256514922607,4.952628288588877,8.128612874500046,3.19049770025442
2023-06-22,49.95743059535417,15.388311366584807,48.01650232155417,19.554263956911242,4.485896475311708,46.17905307831695,24.091847547570328,10.13691278545717,16.15775629581485,37.58171212385383,0.2262710339453206,5.6326494852805,1.51257299036016
2023-06-23,50.312535900147395,21.575608602481488,49.5374006036683,,2.539807925205692,28.9862990260763,37.659642028502304,13.586246222320293,28.351382750942857,84.01430900668188,3.057291151855493,1.2531627039963216,6.724249101264984
2023-06-24,50.76686116938578,19.52387899711049,55.56112900875675,18.089020943024416,1.396902275117631,12.10796702759066,12.762167302362952,3.2515498483648795,26.53694412798472,15.128085429763145,3.331579310091503,5.875580322975843,4.481495126792559
2023-06-25,66.33152901124285,28.58881875021068,44.75836704659706,16.429215776096864,2.8587788947809782,36.315460317596106,43.28822262407787,6.4888138392741475,4.871902952340514,47.67465474264969,3.4714232296632317,9.126176181505793,1.675727180644768
2023-06-26,61.424928640427176,21.370030752457325,51.756489746850086,,2.903659431131312,40.69676076972145,48.011720877036424,8.55889588454098,12.996460811599654,51.25882817182942,0.6898991360665362,4.264969942233096,5.818995188974277
2023-06-27,84.45067133561405,55.4174520811494,55.30223577501633,30.505691251926383,7.1342584886216835,19.2542754680387,25.942481527224672,18.471089468464946,17.494393312993612,75.25054686692069,4.698795939018339,3.3150951180481005,4.186686380218104
2023-06-28,52.753303890314804,28.35157640282816,62.8485773431697,12.322727421364403,4.010585450948611,43.573066564943886,77.48201930158596,19.871845293036316,16.08770923144312,61.68588175811899,0.9877980673454058,1.8629598416711906,4.913641261474495
2023-06-29,88.33325148829844,50.4949018238003,102.54090749483943,22.475972387393348,6.999300752590909,45.77644646445949,73.66182276560694,1.8533146809167014,7.428165902232995,70.0491103474763,3.1514916758752216,1.9387324583858945,3.795007038011339
2023-06-30,50.98996162787603,31.392912958127436,26.90224093309075,10.594184879131605,0.560523153771891,17.460701932001403,60.55002648191341,15.459150546412449,26.046869592708333,79.93443570865806,1.1911127877031165,4.6113291012472795,6.66393007378045
2023-07-01,30.162830776281684,,29.978916558116367,8.381805934773327,1.4313427439200435,49.25846627218499,47.33706401357538,8.06275726164452,20.954341923911446,87.59826762923699,1.6053604434042277,6.1589583295345305,6.670589182327789
2023-07-02,34.25915176198876,11.468871664909761,39.31833164770202,5.1065719264783995,1.8267313282757132,11.332018762194128,70.89784117533794,8.45670553836012,25.4614344958505,38.24879470502235,2.7776468544678097,1.2658463491112166,5.733232810230213
2023-07-03,64.86187512738492,33.39365751642995,40.629656404405935,14.096072051218187,0.7606549869175068,14.090705078112048,19.145664067642404,15.331034493593432,26.04539982178522,58.42204348275126,2.144247750966425,9.425901595739074,1.0221307436924056
2023-07-04,55.68780352457354,,49.98323745050019,21.764113234609766,1.8590364581971586,13.290117765711177,65.33568559924194,18.450102210762765,22.953963902640712,85.60972705952798,0.8851054447848808,7.6737693657293615,6.7430601228517375
2023-07-05,63.82351305625819,38.177680322178986,72.81253204790247,11.324846059302969,5.005428201294405,45.229536950354166,18.73745697767938,19.067643295548418,14.297896834992086,99.05060178685508,0.9375883718621566,6.072927223694795,5.433901248156697
2023-07-06,51.018959897564365,24.114816400666445,26.7218019128889,15.153702455204147,1.1397571110095628,34.443164854623284,65.59474637845838,11.965329134728094,19.095309140431887,90.05673799393868,2.1489094619977185,8.370167373920413,5.636788494833536
2023-07-07,36.90259989588592,12.95399791623004,36.46693470498734,7.290367638649001,2.1469162030676774,11.84469274500228,29.303729777594988,7.785302026709553,6.490231371352808,43.43205363619391,3.810686593549954,1.2617741897150763,3.031266155150199
2023-07-08,26.70983939343185,11.044795365073385,18.914420658217974,8.868786828010634,0.7844190634214846,24.814553826575704,71.39634067127322,15.963432631316806,20.862071689297416,27.564986549678537,4.500026769554164,5.0299693384646815,7.058380538024652
2023-07-09,23.993918570244716,10.682882392707937,27.522880212078302,3.3414434445042476,0.2661134248856948,32.68841112814109,76.08294656777785,5.769026281983705,7.019091160699861,54.04532836659298,0.512225545070976,6.485884705185803,5.857898481831889
2023-07-10,47.324756038514536,26.4245771583897,55.830944205404606,,1.5005795727180624,8.755883824522249,20.415717858358093,11.717406547836838,21.43058853428439,76.74773066524381,2.0262091470410653,8.372202608123747,1.0782056389277168
2023-07-11,68.28808833431599,,79.28155156095681,16.12533491959001,,44.708736578330246,42.387292354577546,7.81299076897259,8.428748501111123,54.331216367796785,0.5912032622420955,7.942960820468043,3.380668668368069
2023-07-12,52.73300721527889,23.33112265102699,43.87122280364955,9.007595957573592,4.331401679534344,41.16215909486908,78.66911647138795,13.475990400449646,5.291436404206159,53.48627769823017,0.18130315509972963,3.1321578722772965,7.113766823289105
2023-07-13,21.649206452533676,15.03767085163684,23.88838075177679,2.642264522214512,2.0861586237195344,27.73430481094872,43.83852051812026,5.567579344976631,6.627965724002808,85.44073789736206,3.342421544955388,9.438361610812441,0.5681342732395562
2023-07-14,37.015498164519684,20.07387213496274,40.390740780184615,,1.995389423721077,48.52069768666267,70.44832657601816,4.64026596896169,2.0557797861339675,42.52634011604677,3.0520022656362804,1.6812854935932684,7.699049633207986
2023-07-15,41.623173203786706,16.436604697538385,30.108968588943387,10.652709646647645,0.8273129244229661,23.799244067379487,51.21120654919239,18.446542646833304,22.124709299898846,87.3815207330481,0.8987936576929425,8.813769376900945,5.49746803289259
2023-07-16,29.90040532033734,10.187456470443687,32.29963871755208,6.01300000289472,1.7735830269528243,49.284964356642405,36.27309355437213,2.934269976041201,22.507229373634615,46.61243208565512,1.2456828821560144,9.723932371243876,5.124732625618337
2023-07-17,52.78102238694534,19.06153137501857,27.757821750957085,18.40289568593952,2.68623524794714,35.05639994616322,30.004848886810915,10.613200246963702,16.418133797571265,39.54097951105055,0.2161679928581401,2.1829584706149427,2.310362200606333
2023-07-18,52.77997794317353,21.02665077458702,48.419766695709825,12.100667992774989,4.53866311771607,33.560207296427365,24.22561637602611,5.1962028762971695,6.518158429550743,50.85909200797291,4.191241307902578,7.35962760993596,2.140575952165581
2023-07-19,28.854908741752826,10.511051167287448,19.073273177689753,5.038479165661532,0.5432638400091762,12.467970288310326,63.32587339643881,1.7396693031876815,4.339521450299313,78.62022628073817,4.8759839206379025,0.8827124283909854,7.5480541120110445
2023-07-20,42.1941243604447,15.807050193884958,24.658112100788973,12.031380130003097,2.276022896408812,44.68674912370898,37.05783547761195,1.6843575475371013,2.5356110602440363,21.340182507759486,0.763751730293985,4.351516838821972,2.5265251430261575
2023-07-21,39.3367797264002,16.286924258708368,21.787353662410723,12.27437988151831,0.9245866116816989,24.237035956427682,45.78928235405258,4.32921367001072,6.64094895502618,27.677729428481566,1.234228547449961,5.4046913423779035,6.248941314408195
2023-07-22,48.61264400928605,17.95505275025539,48.00022887724092,7.297369041954853,1.906628412799093,12.30050326021157,44.46278360008274,17.468636735614005,26.943954979528108,95.63003430967828,4.355206667339977,6.016129646141524,3.2663500260152176
2023-07-23,55.5060245606319,36.56216084196551,40.95858794083386,8.34176535690316,4.238558649876186,5.567338398909157,50.409532046319185,6.367096135563506,8.76303156764709,25.794246464322164,4.639672609985306,9.391403858361315,1.2861817521206909
2023-07-24,26.369119912671195,8.7570132779592,26.56258329134863,2.927009967520926,1.3933873211804513,30.189005763727216,70.59040019371866,19.05872424093062,11.919597162082038,61.09545861379491,2.156174175753371,6.88638152929485,0.2835793220237998
2023-07-25,34.417792162462824,17.546347245968285,18.783490749113373,11.045378667010693,1.5085299603252769,28.732982995520434,78.65175405084005,12.050823566794678,4.94967356547733,62.13830199957441,0.3480501141184632,5.072140536582752,4.445207228718957
2023-07-26,50.323631302474894,23.35815283439579,36.268403951191715,15.053879421733459,2.2898694050545245,37.370913006612135,38.53089460016719,9.295669605606555,8.226116532948769,54.066201584522034,0.2930199850948151,8.191912844525948,7.811074784681675
2023-07-27,41.15406731188026,28.517770483967528,36.11861632835166,9.975304033859382,2.113269964107328,45.0616123858011,67.92632454744121,12.021687858719638,16.53828798184574,68.02707237191368,2.9123543437381514,9.530061799066885,3.079262311711795
2023-07-28,35.293016433292124,12.169581256141669,37.18141217223846,12.467298101720054,2.8464343247171904,8.573296308936328,63.51694562583024,10.817269319299088,19.01707512667827,30.684405321785658,2.0251860335765772,0.709628412481763,2.9861002051457497
2023-07-29,86.82345584476504,39.86431596796571,62.78436362699415,29.667665669507716,7.839083362447057,37.917342065316305,50.147026601890126,15.416748821389177,8.86986479665391,59.73960409990734,0.24039689513050713,9.833952086432367,2.8839146192256484
2023-07-30,44.952265079457256,30.91763628515344,,12.389127874079733,4.314523876853803,13.4335374843912,76.92330005283532,6.367425253484193,3.616500458303282,43.49559297222074,2.9579367223315285,1.3182553211049632,4.260241930977895
2023-07-31,60.78284369716032,39.278046849945,68.0879947417217,21.91108362876723,4.9125487348085635,43.61796739207238,24.033216086988197,7.707957440405745,12.948920335567163,69.55005336662701,0.15538242928621013,8.236674403053232,3.63718609070949
2023-08-01,59.53664992504701,37.319288518170275,55.434826688096756,9.630193811136845,2.2854107934990413,41.85785812377453,17.6484947216735,17.987791748131762,8.557694385937356,22.71011890358345,3.958122594931438,3.1631801492384186,7.063334088470713
2023-08-02,49.13764808010673,19.81038976571157,32.58178052121276,6.563604869378185,3.5345753725460045,29.335718974349497,69.77733768687955,18.982673749857703,8.147509850434455,61.37896751555286,1.601520831246521,1.7557067486617817,4.143062175443224
2023-08-03,25.51509389994012,9.398613305418735,13.193358712822956,4.616315390192519,1.2600445711056436,36.960925938049016,40.74048716436238,17.958606322243014,28.876158475976748,26.674331984499133,0.29726421474523734,4.678628577281431,4.160511137870836
2023-08-04,35.7778193349029,20.302384329256483,39.6800778872024,4.1905149005586235,1.1778185488414155,19.145755093268676,69.28781979449423,8.969511885188957,19.256413605920272,35.07787568035327,2.9829258828174514,6.617587504752328,1.2792984388203414
2023-08-05,14.296149766753128,9.603444262102855,7.360924361453981,3.7077187138268104,1.2248718407346626,26.202555451976657,72.51631436367904,15.826944557130751,17.592596408818686,29.68388202912249,2.0486536307219683,4.119042527723012,7.86536841910101
2023-08-06,29.72366777591604,15.536714437536386,33.06137323329026,11.32417370803379,0.4000321604949412,41.973660396971226,14.372031553335,10.050378932720877,13.641702898653014,26.45540018819354,4.871622025450033,1.01837137868564,2.1497885487768715
2023-08-07,33.38786146816245,17.650328556234644,29.055986563468423,3.7328651524684098,3.0435900170420793,25.666933872794626,71.84253340902424,10.453257190775942,14.010441336044039,84.31398564046003,2.766573446268141,6.1948808267578075,0.7722397261849008
2023-08-08,43.406519018392544,17.883122847004735,50.23642144973697,5.930761793282406,2.2368669212153045,21.10092193964488,41.38233387585955,4.888922072088395,17.14534010746626,35.71368108948013,1.4486719870813407,9.07283112305141,5.3725407420066285
2023-08-09,71.07217114568881,43.19746472099281,75.27596676169354,16.74884713359123,4.786578028717228,27.239560126263495,45.73027423029625,12.231475761911813,21.500034597011002,93.44114036780044,3.5762504367064767,4.140545976498891,4.843857687223607
2023-08-10,0.0,0.0,0.0,0.0,0.0,42.271216359674824,53.86147577652471,4.536582057313611,21.660090693091224,97.29338728106718,1.4303108124592856,2.555161387492857,3.438136101143417
2023-08-11,31.742822838549547,13.632643914643625,23.66421953696358,6.184988452735815,2.874648976045624,20.084362131689275,74.84678247110607,7.299729282276681,6.807429415752588,61.41344229433876,4.530792127897069,4.704484786361746,3.493099424269289
2023-08-12,0.0,0.0,0.0,0.0,0.0,12.81927169110847,11.338126610083481,17.245573830778767,16.003157058145554,22.870101039915376,1.9361376554861447,0.9594457549634183,6.323498584162163
2023-08-13,23.326218343350522,11.734117713622933,18.225978946529338,2.623543110545087,1.5221295796121237,37.040630914885135,43.3790427822472,4.934440375006249,13.534826660954856,43.709341904162315,2.794355957603406,8.29463205256261,1.7265585927772626
2023-08-14,54.169908103361394,21.503497602322547,45.281326828715095,7.827712079498587,0.8666472231202822,42.16901957186368,58.14054297013925,2.3520074182952233,26.374755055542757,81.79590370133926,0.3478082087387214,8.350237704026775,6.59797588777014
2023-08-15,40.34886491866316,13.958073687235077,37.897825679116394,15.977708158651478,2.2860344217062885,9.528686533559,60.589487038875994,2.31114425964351,19.67972979411454,43.06516558273634,2.187994065965931,6.08600440258147,5.260227488381141
2023-08-16,17.432128635954044,9.487401441799916,19.377100606526778,6.790434843166634,,15.794335074017512,58.477270207597556,18.87490588955905,16.91011385964749,17.831549647250988,4.178581344338875,3.8544774449147,3.46796423548029
2023-08-17,13.821284745554586,5.742083448706586,16.431550861614948,1.4026115394950844,1.0555182363193847,11.388739539244725,19.41045905856853,10.631488321274858,5.231049981009686,60.110641983536915,4.047679146280376,8.097941962234941,3.772623209354175
2023-08-18,28.970826633722012,15.426828688407573,,11.169514930401224,,20.657363521197496,30.957691186017687,8.778829364523348,18.957860901055522,86.06087663464314,1.1991609383822788,5.769526735489488,2.2018482160515473
2023-08-19,9.39514142776998,3.398646244801282,,2.740900804302253,0.6691266712661333,25.26579405074357,35.110086779190944,16.40669303915045,5.281709359046536,81.63337484291522,1.2077874479517574,8.346356931225154,6.066491795036404
2023-08-20,31.065110935851887,15.298201536678357,24.69520688146057,11.195104524341145,0.4271627045793806,38.69718516334879,66.31060453756535,16.880692630299805,11.441784115841058,25.76108261173179,4.10479602984486,6.498858529538696,4.200422989981089
2023-08-21,35.97596482126899,18.45695692224288,36.562646864961295,8.505507996860695,0.6343023609876361,34.30164131967534,29.51319106901871,7.311629629196488,5.999575014801293,70.548815297122,4.658952258829695,7.951851995521574,2.70266543344878
2023-08-22,27.111852396056552,8.695568551205461,18.0875097101636,6.904814266455733,2.0189953808104377,32.9417855365294,24.749347470704222,14.17874309200211,21.37806211668233,29.84538370920824,0.5672685142377174,6.1863484355687195,4.849190902935412
2023-08-23,63.30384896393734,27.51449324414244,36.54733008243498,15.614145921330142,1.0437279223246891,20.856872597434446,77.02136133266673,15.651333501185846,7.775059187412273,29.6386781096955,2.305287333188504,4.434340148048829,7.96672872600032
2023-08-24,31.651933443106998,11.197373796231755,23.683100573321298,9.497456272941577,0.5195065228450303,42.8651398888142,10.620429957942823,13.438363050453136,12.972062449264728,88.66645959746667,1.753525966924722,9.600485669298306,3.59504578132112
2023-08-25,0.0,0.0,0.0,0.0,0.0,26.207922532917404,79.84745989773847,3.880306421201888,27.078893773325802,32.470205746620714,4.366373431741453,5.640581336349025,7.381392926073232
2023-08-26,20.83372778361067,14.499943134368031,14.738105796962726,2.2707112619925556,2.0018113559493966,49.059722210681954,57.37749092001769,17.641778586824085,7.720858735171168,33.69226118662101,0.5092720819320921,6.248350426135115,2.891131351411616
2023-08-27,15.625723503491583,6.702521871792439,10.368064840070664,3.006060788074237,1.193426388612727,33.53639622330816,67.9928509614382,11.242796501984165,16.218541790845816,10.05880516851696,1.1345171185343834,2.594632574440118,0.6269151140148899
2023-08-28,45.86186231242263,28.615498824180726,24.282261603386782,14.28157786569458,1.916687694379419,10.681913370402622,30.623357744233523,6.36697610103007,13.739606512648615,88.36021307129658,3.7870948541738225,6.443682499559126,1.7930884296737453
2023-08-29,22.830364339639196,9.174524871468162,11.700830079322337,,0.8376050258381398,35.42799029339453,11.002069436694198,9.079335523316184,2.5074731492804325,81.33353318882213,0.35133986000795636,5.930272670087967,3.4658221179559368
2023-08-30,27.305942998293844,15.63541269397963,32.53245538973638,8.24720659110114,1.1324673111812866,19.629680694426455,61.650866299307104,1.7138507175792403,24.19722718003876,66.45960415816103,2.5134233655000178,2.255964780496737,1.9131524430376383
2023-08-31,27.65087014044744,16.70364577451823,22.10524462957553,10.810760624415089,2.2042946789121665,35.88472385087438,68.3901217900473,3.429469223225934,3.9332853768087923,77.52391875449581,2.266324469930628,1.0660774248548652,0.2017708981023932
2023-09-01,27.386264298648022,14.740807280314515,21.06082194461381,3.5101033759971756,1.9039849748584248,8.133851667308258,61.83332923674634,15.545388259801356,15.2791405873547,23.684371068204264,1.7385657770448686,6.241413537290326,7.337011994430712
2023-09-02,0.0,0.0,0.0,0.0,0.0,12.869664672918173,19.9995201110587,1.0002210603519566,17.6989922582906,51.24912351288179,2.033404345062727,7.755076558828045,6.782259407601247
2023-09-03,18.623356637555613,8.654951080107287,12.15691231264872,4.341571241386325,0.4780585885024536,43.50817665076038,62.739954557987836,8.914750741163552,19.595940785208438,41.60974486139028,2.6967088759581417,5.472313023759078,5.989879405598187
2023-09-04,24.092503264776024,10.589794919698353,28.067111680399922,8.683966355841623,,15.22308006605817,63.82459474753487,10.92769344062618,21.281685620620514,18.439887363131483,0.8907000561030773,2.654339940536634,1.5089538460390233
2023-09-05,23.113073523919077,15.527632238625955,24.27893185530724,3.5396501848651725,,42.6668506359323,56.09783609690384,2.0380539800184736,9.091626738636023,53.75174366934317,2.902779803589605,6.831958778583831,1.1388358944378911
2023-09-06,53.7576899524866,33.988179222694285,30.243415234693757,16.545960353094646,4.235758672073422,17.567423980448467,63.62811529569103,19.488485096474324,2.2794057464365824,92.86656853083718,4.0466184135699335,1.2610044027912213,0.7273170458845886
2023-09-07,24.45424166229512,16.77587301231133,19.375255674348878,8.594066316405321,0.8278782635218561,33.92968595264185,69.21450077744126,5.296381293743766,22.256422545937536,13.605320714562502,3.8247885559717796,4.697420195618569,5.847427672428785
2023-09-08,0.0,0.0,0.0,0.0,0.0,36.236775807942394,52.95228799662209,6.779775673089336,16.9983847817322,36.23148221444145,0.8541095329994911,2.0519842047849917,7.444702093365505
2023-09-09,28.25487819220022,16.73669205226802,32.81274084598046,8.617014763535497,0.4915063229076814,28.06946389152738,16.202329977877532,6.774907732845519,25.411295689802966,28.67868425851331,0.8313224017332221,2.2523609850688917,3.5581794031216885
2023-09-10,53.94332499614133,36.429879186572386,44.62089663559819,13.440110462050074,5.238296206899407,18.73898045135291,44.13394667670476,5.377916580229648,24.99887416121944,31.43319882991267,1.4140544019500754,2.4217925170029346,1.1292972415691758
2023-09-11,45.230246812897754,16.84796056920174,42.036447378738835,12.906639631380363,1.6549760865686614,14.568996936699325,15.435453427012355,1.028002619639917,25.613132698060728,91.75910966914377,1.8692661590710826,4.17371704191779,4.196664001710431
2023-09-12,8.705961609524174,2.84335406320598,5.370914590277543,3.1399921921111935,0.6897740635764934,6.4935209553091795,38.52801217227016,14.857551087671931,15.582650479427125,52.12621488108611,2.101432348901565,0.9859269533937774,2.920888878177315
2023-09-13,18.653197620865292,11.125667259104176,22.268523791686846,5.05842867262032,1.2352095458840748,18.677588055832572,38.497454238793935,19.370064496186423,11.341595083432239,51.966947164583694,3.430516362483392,4.279037688826433,3.123634409929982
2023-09-14,36.08175108011831,19.115723672826775,23.892260003196586,3.93710060522322,1.601112101303912,34.39232557390774,14.62068908981691,5.2615761824158565,24.16362967255836,78.4518078209754,0.37773411761259346,5.361220747589658,5.046378868414517
2023-09-15,0.9001082310700799,0.5731272737657349,1.0440465562482681,0.34139719816594327,0.025663754106264793,47.22371683018172,34.41743737786355,13.597896644265026,14.636235164819137,23.90429836044332,0.26989625070772527,5.091295707180089,5.806001283445179
2023-09-16,19.95941735602852,7.103735286779802,19.05630669884309,6.124707396198442,0.41764636988601456,44.20420170183734,17.769866915392036,15.096030212215586,7.136381499296166,53.85388186900457,2.0203617584251545,4.136448953828886,1.0627080712106547
2023-09-17,32.60450890750781,20.153072733606574,30.172726273187507,9.87766690453753,2.130742710594122,39.472914944088615,66.57646470064554,17.12008220271997,25.93927254772128,48.69866927089537,3.5161020914761045,8.47189277667215,0.4776038002905158
2023-09-18,14.772499210496498,5.6231655336368815,12.687833042203648,2.433068226605347,1.1776199142655728,40.48013044639844,76.33816181751295,9.029954743258573,26.71167654962572,63.72196214919905,1.0478331804867647,1.8806035779947892,7.955776360948576
2023-09-19,29.59630713858776,10.816336761619752,19.577035785933177,8.809803737706341,2.011109996394053,34.92432065641979,15.062153268055702,6.7556872071681555,15.056673171924764,99.96019329253947,3.2433719581556337,5.304119065923053,2.0152811215413045
2023-09-20,0.0,,0.0,0.0,0.0,16.712908590470136,76.8580645104191,7.180607546437591,4.119592364674049,79.25040046738424,1.3731578759074676,1.0893934610872658,0.6198780942859807
2023-09-21,0.8247981634023773,0.5161833423010529,0.5396987159088319,0.24362054536350333,0.011362097917524447,45.82377638176234,46.58036195357216,14.539805328871743,12.859130517674075,45.807913271568445,4.44182193318623,1.1759789493401427,1.6810275669481758
2023-09-22,6.899485978525808,3.90565335241685,4.350172712130406,0.9105797332581484,0.6703815865087427,35.182954035762535,30.969597456771172,16.518809863607085,24.499054464952895,84.47977470466422,4.488880726906421,5.951725571932415,0.5038712015180209
2023-09-23,0.0,0.0,0.0,,0.0,30.219828394119798,15.380345269331446,4.450665387375451,27.2496727992944,25.363752698123214,1.5567073009785,5.877175036434299,3.256124978013939
2023-09-24,44.765400254127755,,33.3541482830391,17.898286661490665,1.6274006133945595,9.994526114606648,45.043698764929246,8.047879154997538,7.697236789932683,12.74173176780641,1.2269693944198787,8.841318372022341,6.45873391872033
2023-09-25,6.579577749199906,4.282516988727992,3.5561951459694363,0.7531222323591333,0.6460969651453028,25.117499471289143,65.61608811435241,18.13686373823385,3.8752611367076026,28.400353521784574,2.1153894631245334,5.799799918770695,2.861706708110221
2023-09-26,23.30496265308369,10.649856224673082,27.461911748247598,9.162398625958966,1.4954641436556189,25.716122204086684,59.49605340866887,16.327176874200045,26.565812687719482,40.637040050283375,1.278604767382729,9.618014693846076,3.664630573651259
2023-09-27,26.408095335905404,16.54836294029655,29.541419002601874,5.864508799503066,1.6483415308946114,43.90536242852015,13.515820802478164,19.71230965248704,12.903338291408508,55.95226817136039,3.3946808321293482,0.9626010597993329,5.469576833826022
2023-09-28,37.34905516351286,17.76522611881916,42.929997423949544,13.491451111490921,2.888074931672353,29.59916990845048,15.103128475753245,15.330716933959534,17.169306999491774,65.36162264870799,4.147716954286599,1.4310730054170402,4.169373746545065
2023-09-29,0.0,0.0,0.0,0.0,0.0,22.118024703668436,38.201129784284596,8.470708819530524,29.10584273742125,91.95451454929795,3.3981514414649636,0.9186256849186232,6.919276350966329
2023-09-30,29.64580294488464,14.380346384482436,,8.007475996415275,2.0480232181922293,48.95601478297967,30.67033458335603,12.222118845898118,3.86381238159824,55.886860859541194,4.139317191521813,2.26013007816863,6.955078265356901
2023-10-01,20.157397164438148,8.477216551771715,15.669744006000865,6.4813039154371,0.43396088675645805,9.982426699684204,26.26690261392335,13.559270830699086,20.152904208658676,55.11480801631564,2.0452615948166235,5.642066053945942,0.2773034248309984
2023-10-02,13.095702398220288,7.844898700628532,13.49861699640082,4.761003742724401,0.5296435770364963,24.01467927403751,29.67031492360995,2.490660510025355,4.0749518320962785,14.521870884068392,0.8659531564734182,6.632935723560566,6.268761190568954
2023-10-03,36.68584214266415,18.382840991931737,36.21679283670475,8.116452627339008,,6.891110382713238,66.24379203078192,11.345442222973437,12.513129997062011,13.142039739060143,3.715959642248202,0.9330590005123536,3.7937220818850563
2023-10-04,27.343613299157813,10.742897645447261,16.617455755475188,5.417041821651641,0.8261983518006598,38.29568543451187,75.04596375422977,14.477095740979582,24.50680726541651,59.60439657247348,1.8663250751936142,9.486723453533193,7.912956222168572
2023-10-05,6.6995313889234485,4.420550652809189,7.175755434760431,2.011721991378618,0.2913963331201823,46.31344484896178,38.35718861692965,4.179104776020147,14.137222517157763,49.436075192351005,3.3892270436227494,8.50057107817862,3.9692101918283944
2023-10-06,11.37098071966626,5.157382086573445,7.471966950379007,3.89289826104903,0.555892218680138,17.601679829772024,73.42777014927479,15.832002631085587,29.921105909282613,85.52623554822688,1.426155315710652,3.3178185804923848,7.89778837402872
2023-10-07,6.515672231323394,3.3713465827637363,4.278661668108257,2.1416072486367215,0.3228284223823716,43.62537545596044,32.50469908735174,12.091682829768121,17.653659978504862,24.461162624066066,0.4980252105526961,1.2332815371514456,6.085641017404745
2023-10-08,21.865757469649612,14.488006973435722,19.15182548369952,7.420015672540693,1.424872517590119,18.1498203707854,43.350589044065416,19.0922139282543,10.992540273806698,12.247449590534464,4.963650797890041,2.113927195581044,2.1391180999837895
2023-10-09,37.97140776446061,20.872700523306136,34.74603871422521,8.75905427509325,3.602606624547919,45.98465727397618,25.82202984711998,1.806023665930942,8.163117125333088,50.41348911371133,0.8653873888599365,1.7059719306722405,4.3994808384382695
2023-10-10,53.8276117629409,18.665220469321582,,18.589379978709534,1.704308363831463,38.92828566185528,54.833322952309075,6.041196613553872,11.81457496001253,31.373070107703175,4.943262870421057,1.671195903339995,7.938657987932945
2023-10-11,6.135425119721582,4.147135383732232,3.4606300080666395,0.8348026093538083,0.12844588485858158,41.220804957864736,78.52867806223662,12.429523706696656,12.430931665267423,14.46529360049537,4.888671669575592,5.426336042324472,6.888738740465005
2023-10-12,48.10499307402347,26.509854540410764,53.5996706407045,12.668292593288733,1.3359884199735024,5.810295002020452,52.244516723036504,6.634638331912683,3.9239829762709073,75.21384581628661,3.9897087091493946,2.8355507036873027,0.9594617715715246
2023-10-13,0.0,0.0,0.0,0.0,0.0,48.326466068331165,35.04698588794842,14.574059117353602,12.34807758394965,20.043369996152272,3.3311725142017883,3.902327307026872,5.709701575117969
2023-10-14,10.548464712379886,3.7521820312778646,6.230560860004766,2.0820111230904508,0.7185927782588125,37.700194643164544,55.34722121933699,15.421100367916688,14.998678552698298,64.74875500069945,2.9312545462303152,9.900300667151063,2.8955207697923417
2023-10-15,29.57897277214596,18.26827161317344,33.19126506509201,6.209764005814566,1.056904349806371,18.713799292376,18.60444749257713,2.9478033172630145,22.23665706268653,35.29447751502002,4.3438975723513895,7.000985364790775,0.25446164266671534
2023-10-16,32.906720526264216,18.033840511995276,38.466510004058634,7.201695265503511,2.745579614903737,42.32275991864811,72.2061356185779,10.763234819928586,20.388425572205023,25.61464453195198,1.518253655935491,9.515316336946512,3.347151558410597
2023-10-17,21.41024601250639,10.991687090677255,23.625978072133673,6.608061797908813,1.873895377819025,17.66845392867185,45.21587655458855,10.668920556230063,21.84543834641632,44.17763706273857,2.391637941175898,1.8542872728145983,2.031084489454776
2023-10-18,22.35497646087232,14.699671999322701,23.845187187056844,4.841359808361179,1.926692494977809,44.27392278047576,41.45448194277495,8.01633463409528,2.2341830925519988,82.13011986006583,3.1350108498958598,4.130325010909408,6.587180310059678
2023-10-19,9.549175289242594,5.876933787809142,9.154502015616062,2.2403137450006034,0.8852409021818428,10.066117568537166,51.01053519174634,18.72557238882377,8.094687188255008,45.28842192141154,2.1148333317605066,5.769952131182365,2.831178748996971
2023-10-20,2.846827913975371,1.0267652867814328,2.5211512544761074,0.4875569701697534,0.09309608909487727,36.66586898573581,53.73487039525817,16.722620077591202,20.527160075195983,77.56926842899502,2.1946836250423134,1.2292015879430112,6.654684812839773
2023-10-21,26.524299086243378,11.264573469069555,14.877233528625132,5.622502555320181,2.067669205527265,29.331431449020965,15.024306435855912,14.246978256283098,15.551702309032919,21.29376671192356,1.7183948707602137,0.5397807144655997,0.20466392291140342
2023-10-22,27.12422324712216,10.833296935261815,21.31739491969487,4.561775956865004,1.3955020849075281,9.344051158794837,57.78320548563817,14.572206078964953,2.1487773187136865,79.54942776985712,2.864735901754227,6.869126171070716,2.6009893702037297
2023-10-23,19.372424365223917,11.576544623428347,14.740128257937922,2.3626371856364528,1.661764038986403,15.885222271647754,26.93521762208707,9.772606732449264,24.525849988091025,31.32399924159838,4.267815187274069,6.597285409613636,2.081088671600543
2023-10-24,45.37809434564281,14.222083498524563,30.94003936710105,12.752813595525964,3.4289576244909097,5.558181632479165,59.97668427546129,18.498895900834942,23.638668052129447,70.96538168999855,1.087489052230933,4.402493694996312,2.0218254163351657
2023-10-25,31.278456675452986,16.513644929849907,31.478453616638266,9.39804518842118,2.4985315702042263,26.094558445902763,67.57743560689377,14.197313117812422,17.355736563819754,60.92033993568967,4.678721889891863,5.15161872230431,0.7318556341706091
2023-10-26,30.387718202082638,18.384067333832146,25.74183157161831,8.686241239243515,2.0984106736780044,18.556936734200015,66.27709552867643,14.850640171460512,3.8609731217356194,93.62302454905186,3.4765295033663257,4.446708505624851,1.6595693092019135
2023-10-27,22.44040239986071,14.602110199679718,12.493297988497883,5.364338095833125,0.582745592577718,31.926086793399147,48.67506771855224,17.37212717195956,23.46242138691237,44.85902661777826,4.134038742132148,0.7280479260264441,4.533286645107835
2023-10-28,2.7116991058036692,1.1845588405829734,1.7737989671900392,0.5801293387330569,0.16013240183309482,18.375701346887773,46.41189246175258,6.207360197501629,18.343980456478192,15.95486699509964,2.8253343938870574,3.686030259065893,2.472616368134407
2023-10-29,14.789913802325422,9.295504038949298,14.468693654608913,5.309580458176838,1.4585853894425675,18.49636001781431,20.00131729375882,16.334347173467357,23.894879360422856,11.72399369961276,3.9196318369779113,2.1822814262742534,3.455679302167354
2023-10-30,42.45597135002234,14.615582546836094,23.490532387572102,10.857033554420752,4.00635459405513,38.44369394292215,64.27423052821949,4.709571456173348,23.04891578708353,84.41727048754778,0.17938194696338933,1.435029796463003,3.1395616667080706
2023-10-31,42.5765716026251,,46.65731628856541,10.378233617337285,0.5912027848425367,7.166427619025905,28.998656631270006,7.561497092652869,24.48405801481944,57.226207389528895,4.110064081419723,9.588844121948823,7.032058414999177
2023-11-01,27.94832898798908,9.809736727233881,23.661127117967283,3.0098287661258873,0.6940501721689905,45.63027478363943,44.76867959725626,7.3765986311270115,16.504225859329495,79.77196466514543,0.296680409518296,6.193917387900573,7.261332192282021
2023-11-02,21.603082470952508,9.913976782340505,18.069047260570514,4.371909736067623,0.47214810481579395,43.351874347603164,29.89918650492617,19.59198389939367,5.92908650941842,31.098304001036322,4.460575544178027,7.422234700247725,4.045064378915709
2023-11-03,33.86433699260063,20.959252677539222,30.975216296025234,7.248955466562439,2.5512779188699986,35.05121074518829,19.36798540997852,17.27420725121061,20.792409254631284,41.05753709619104,4.960617461469353,3.4959555610281163,2.7752164124617145
2023-11-04,8.030951643184135,2.8908773367586695,8.651556892471548,,0.6713930159046275,31.694970654832293,54.06903878242156,14.322227370214936,19.373265981455177,12.709348499018704,1.5409305646662115,4.234897730193144,1.0330454912184364
2023-11-05,33.210972559875394,13.008756486516381,24.69124372173591,9.10152384630959,0.9702925370976246,45.15361241628435,13.803242437603268,14.814078470692412,22.78308924157444,96.53430921167009,1.130560925800389,2.750777942018873,7.636542459180341
2023-11-06,30.07900798950376,17.71355870690499,29.31534128363755,7.822971378815576,1.670189327247943,13.33985807879215,62.405166388834,11.67938309364885,6.756668169420589,70.10811160307321,3.8502804829043997,1.4211738741715352,0.6697701702223201
2023-11-07,32.074026160041946,18.8599961317585,28.73872434896201,9.056791770728097,2.747566043793613,8.553612298587288,32.231075668278166,18.994722675061862,7.459305597208099,93.98845789833756,1.339829070509241,2.200800555695046,2.5216721650325877
2023-11-08,46.71406071496638,25.994461994434214,,15.390647007358789,3.5480328340305243,15.777957645929215,10.009428510313972,10.428916304764869,26.931466482141197,33.89467666861651,4.3412556775437965,8.076383430316614,2.5249163691260326
2023-11-09,34.24671732528944,19.78019768398247,38.18649360600433,11.777299567519446,2.0137531602289735,40.756022541508564,45.77903974660609,8.229836487527997,22.99937835665798,65.03172501030947,0.6039287015716359,6.9366851492458705,2.6991300318936764
2023-11-10,28.97545536515794,14.982911763066765,30.661775149839883,9.139928479083006,1.8292579375846822,6.560162002691749,13.279633596932218,4.097671401700229,27.43039768360904,71.0649971463374,0.7171804622588555,5.69582432186203,1.4814373775247922
2023-11-11,38.610685186230974,15.472059233327524,37.10163614192036,14.929095902373057,2.1526402652899317,31.226307578757034,29.331869047462963,15.937907392960101,23.24402899258978,38.579473023182956,4.897842619993017,5.013353792234296,6.3086591612048375
2023-11-12,27.493454883799032,12.049787345503747,30.116528717584934,2.8997284951482087,1.0111916918250343,49.79468822860895,59.48835412190013,14.954434709436237,18.72034856772845,86.32983115140671,3.401810601523023,9.263125694733182,1.155483323334716
2023-11-13,45.56433928853901,16.979053779507375,,7.23258229832745,2.7726802338157115,43.50632422268927,14.38827351353061,8.302745731958563,20.31571663678046,95.24453166102231,4.249747399701869,1.1909820038973498,5.15227194139467
2023-11-14,32.95699346382227,21.863017723977904,32.820356527438896,3.3704742327489274,2.372892890367149,28.465056006961525,68.75369446492016,1.4786748652253578,26.895581870320278,89.63696059264039,1.6892139490224385,3.1657077257602015,1.1659990083053762
2023-11-15,37.414585240377555,19.95532038563881,40.62884718516509,11.008957889155703,,7.863840917898905,10.267394586100817,16.940949226642203,18.206589126334336,76.51602783454352,3.414770372650962,3.8244096089217834,0.7501779732250611
2023-11-16,22.280253275236344,10.25650441906339,22.018015210386828,8.230529751375206,1.4987084598674274,42.41180814735694,27.27767084413316,1.2169416856273991,19.706957081194847,34.971821175245864,3.0117849538121266,7.933045216021484,7.293550128749836
2023-11-17,20.641221870931624,10.00691228075013,20.14786653682553,3.5718538186757733,1.6203552852260257,31.954032867974476,61.863283930645004,14.370295812951968,6.381348048100817,35.34544378950686,3.0554355886024407,9.928888891538728,1.6830043772859042
2023-11-18,30.415160416905806,,28.378195221349518,11.500287359288457,0.7423260051496333,10.171984867680507,32.138910481051475,19.434885084795084,15.269794163250875,96.70242884014341,3.444409051734836,2.786369890192954,6.605751205565694
2023-11-19,17.409491605769183,6.290755467843685,17.877835615415673,2.055716548181236,0.8972882039419141,9.22357781705103,17.132467164620948,9.315565234815866,22.059119134826773,10.925604634212283,2.9192599483325834,8.805919674302267,4.44812079463566
2023-11-20,69.26961999427652,37.024053075527796,42.32537075810066,26.345370545161526,0.750871998284608,45.93320687464666,35.216374316029956,5.464494694923102,9.586395552858232,74.44449759179301,2.2024056095830633,8.390916224102018,0.8072808529484028
2023-11-21,25.113107554118734,12.61570698753027,28.041535258988006,5.160412264347032,0.8086696325865338,35.11401183221353,28.927530046916786,14.392549190824253,7.663117054686978,73.5621546299736,1.4520212024646797,2.634245277596783,7.652495893216926
2023-11-22,16.974474424119837,9.24398803959802,18.846597176542016,2.2139170199872655,1.2795622665371122,42.317905969254,68.98983315123884,16.525434698296117,10.787150630283636,66.04205868548178,3.8660485214746902,4.293659511892614,2.126297102536762
2023-11-23,44.281336253012796,13.605178131653643,23.047244268684643,10.882648848613044,4.395493658460817,44.55405051270203,31.934354230960018,11.3821760054791,8.762017583799336,99.10979614781792,1.2087349070156126,4.391892258278931,6.905233693750331
2023-11-24,33.779765013652586,21.917985786864406,36.41700955171738,5.980132136948561,0.6393168110066368,30.729755842174498,65.2252730243205,19.37367022986678,8.017553837019083,38.06914921873527,3.49253610015663,9.793096351002305,1.5167180451196005
2023-11-25,33.6086081873333,22.613461712296708,19.836099911814664,6.233115342301394,,28.285085828976857,72.43105013675142,1.9817057115012608,13.895823600306434,40.597467741392336,1.2433308309817008,2.218473063099534,6.860754480706452
2023-11-26,41.90663764323331,22.04512391090592,30.783911896614015,8.053910527793661,3.4366119521055034,24.36923346444456,40.36721937035706,10.591116367786034,27.419478388738955,17.10454626519,3.1641178327768245,8.09200072549543,0.3031847406612931
2023-11-27,40.53758150359354,23.457490272060106,41.366809328407804,13.819576485225747,1.1497758201925132,19.26259645060037,73.69602006980745,14.650624999128452,16.19767010868411,49.85183228893637,3.760683508932242,3.674830784644544,4.191887561241949
2023-11-28,29.620004375249305,19.8157755952293,18.143198364645514,7.752988249750744,1.7759457201796813,24.55681823864203,36.4122637774235,17.3901689518344,7.261770662829045,33.49436736113633,1.1716980556420422,7.443268284873524,6.201652119488143
2023-11-29,39.23695220097281,22.871041055986286,42.084649219618534,7.588124813570963,2.981083028209667,39.82458450785704,77.48548915430757,4.405856626248011,4.155206742664474,40.90480319598798,0.39372217422041056,4.490104540808797,7.49140503644371
2023-11-30,19.70109435182628,7.1124027362643405,21.32631494324055,5.577382470517279,1.2892138162617814,32.08655439568092,16.250266716790104,16.200066153509947,21.492372063861907,85.11146112300649,0.741771340671453,5.9944177496071305,7.291776662410599
2023-12-01,39.51586153010409,20.96377087573624,33.795048053854295,12.441379416198732,1.0638549592578028,45.16354804796807,58.091348655226994,11.50143443865236,12.71836540421886,94.19360621747461,3.069385139628025,8.409811846598245,6.593073982471631
2023-12-02,25.05970209937928,13.599549958439964,12.64187067969773,4.5555330829949225,1.0521218489720852,24.952100647063446,44.56698283198501,8.534519957809302,25.011266504390058,26.715976480466708,4.262287390506104,8.1395728673469,7.1278925273581715
2023-12-03,23.151366611221626,10.873091848320517,16.227410842383957,5.1874047194685815,1.8646402515658702,32.31903104234393,37.1354163818953,3.5025855430027777,20.466301521941567,43.52580383981193,0.3204844240535794,8.731020243627151,1.7539135495291966
2023-12-04,38.98557945356219,23.179955940494857,36.328667102146234,5.324097938177779,2.334471556712431,33.40883988913949,54.28983151240207,17.440619419269336,24.294760615158317,93.57675059038547,3.697341169304067,1.0663645907742607,2.4166375065514845
2023-12-05,52.389677240966144,35.297377703631334,62.17765764659078,8.086074510456474,0.548554771314398,31.62637230378465,59.26999641440318,3.988190955414592,9.614489103716565,15.562761462030037,1.7724613651552557,7.074480253877576,2.4539544943842566
2023-12-06,32.791780175978744,21.977949738012246,30.89869329108765,9.979698099944107,,36.61851978884823,10.305428875521637,6.885969324972885,21.386049828909627,18.312447530024066,2.4447890126056606,1.8298800788567473,3.141020661813251
2023-12-07,20.702926417458126,9.944355658146566,14.116549303963454,3.1971840702401373,0.2728236186471477,15.684506076866283,21.68671621230391,6.510865107286301,9.393735571424125,24.651189028560644,4.651411794243272,4.450276396174905,3.267901229004472
2023-12-08,31.751093377937806,10.96350072035135,29.96680868585151,8.177462827839763,2.4485186011317706,28.05636998956058,59.91322354440231,17.55686664962623,28.293917424608164,63.56915507141873,1.726660373205643,5.711589943019541,4.447531532306469
2023-12-09,34.17483949559451,23.71516780995301,30.00515932502717,10.686946606354082,0.9645250529722004,9.690116126375646,56.646978950474455,13.781356889969063,19.818479882934483,23.542504390539772,2.380150976303482,4.326025105094892,1.4470621542582427
2023-12-10,31.191556247041166,19.82408161367777,32.62299217831764,4.119252892170236,3.0014578184252034,22.303009744016563,77.62332535900741,16.136946546636075,11.086330404909578,97.12687433056601,0.16704383232733744,5.436310920128571,5.591723977530717
2023-12-11,40.02880777345954,14.004681733001716,23.012019085690124,10.815530313463968,1.7258287422650036,26.9450180879569,63.27264531755481,5.7588900770574805,9.546332144183634,50.20430745326683,0.49983372802370807,9.966999933586882,1.5070190065751505
2023-12-12,52.989632754831675,35.414919100514446,54.72342872624945,9.377513581550943,2.0890550932611673,34.35009167954626,76.55408954119366,12.87260789253298,7.345944382006018,55.13661643151497,1.367098796560442,1.78456448027212,2.6204061604154707
2023-12-13,22.863744178718683,14.814758407290222,20.094638500497965,8.891208539345365,0.5350098882534154,47.77389736637916,59.177835107436486,11.863173679731226,21.44994684902438,32.19927542248658,0.2364759800232646,6.916832430696043,4.126092018728001
2023-12-14,15.284831555188521,,17.94583517517899,3.7457572833264763,0.5732481216209976,32.029297994676014,30.86365460476102,16.82377715897715,8.124037163941964,52.38642271912602,3.19373909763643,4.262009180663345,6.412236379883123
2023-12-15,20.70187825086299,11.106768308665892,15.305116296515681,7.075855716050684,1.8403673430990626,38.46172622794519,17.375544557559955,18.21565414914395,18.668491445969693,69.57222693733104,2.1893519483279507,1.7635930896196235,5.967860019262073
2023-12-16,30.702589549553057,14.110943363300505,28.947486002243508,8.138272859883374,3.060129875502098,27.781972677284124,64.7276704341455,1.2309786580703492,9.409780753910006,77.60594232586385,2.7859114933673084,2.0079992520559404,5.235167980002074
2023-12-17,46.88346550470735,15.092005813289786,54.029428026221325,,2.0229211002186243,33.53468141193491,55.090445503314115,13.80637846211706,20.53513045422832,77.84812744389217,0.9557712108920148,9.51809450933336,1.4150314325253273
2023-12-18,72.6680527414455,31.543668156318205,41.5484539948193,21.06976854064011,3.6606500165664615,8.191949726019804,13.373020867530736,1.9848801832748513,24.8183123991351,62.01020014246795,1.5500669442394193,8.856214218761739,4.466953695801506
2023-12-19,65.83526522240811,40.89300745599247,76.10951283304972,25.374293932539047,4.936748507561403,16.447621137883115,35.20353261306848,11.428314636469763,23.784706808050288,91.39237974944714,3.3527399267783533,9.116898623942708,0.8820827140391065
2023-12-20,45.664554272333405,13.783973988053775,44.820673565584826,12.808156110818167,4.098741720889757,21.28338919423124,76.97598708390004,6.465021851829886,23.303837266061887,83.56670625754984,4.829983345788959,9.919561370360173,3.1434327790138763
2023-12-21,39.60627433311097,17.165346173479183,21.683878387565116,13.694133042436818,2.510007636566012,26.262200975293112,45.02808019971408,6.828755390920683,7.2562273593830575,78.1343303228763,0.3470421906508251,2.4789962050809207,3.4254289362616817
2023-12-22,19.950402594486285,9.162571073409874,14.17824232604627,7.287122735582915,0.9025026033710148,7.054193547607268,40.291039521379325,7.706211565594775,4.474778515566523,15.004496951241457,4.4628831721908035,3.8766737049585864,0.5105292276768798
2023-12-23,37.150434886608856,19.13092260810074,36.99144819071566,6.257022303683311,1.751121623677642,11.301084389899295,42.03897236115058,12.804556531942593,21.570567197646795,10.619016599768438,2.926717886424922,6.857580784286234,2.33710717586578
2023-12-24,41.426798385559465,27.67070878165022,22.666483044514813,6.777981488028849,3.0078189275989757,17.45664385060876,24.62179068036146,7.346949347706615,12.313721986241838,29.120254947592567,2.8632058771025566,5.0961241286761485,7.654065844678617
2023-12-25,58.92725808455765,25.841865343989593,53.477625311487884,16.693756132889956,0.6063404913449887,48.71897109054728,35.80950196053567,14.921281961215328,14.105694339293724,69.7171234522107,2.551364822518026,4.474700567094168,7.6383343410715785
2023-12-26,44.12157101884259,19.359719440724472,32.743418212516275,9.852723648287075,2.9015686561611047,19.910615319637284,35.88692791910236,8.686020325903524,2.87217459821495,47.007773999429126,0.4400310209304986,3.899206868688134,2.9481510231698067
2023-12-27,59.42333497668293,35.356913977863805,,20.91454135792904,2.4954455714861896,26.691847615043713,13.664851413123067,2.298710805889214,9.268140579701377,46.21656333693806,0.5403965735071873,6.140916003462796,0.5361808497969276
2023-12-28,66.46089065753209,31.96019004640034,35.35848474413263,24.59099058377493,,13.824397073227683,63.72973399625428,15.891437007198038,2.9429393084849926,89.61281994066523,3.044468827729522,5.968137572080779,1.596940526759816
2023-12-29,36.942955944167764,14.40191321473807,41.009480055469425,7.611224728008973,,32.485103198409575,39.15531023327153,6.429408167261414,26.617201632834934,90.60065633186548,1.770697000034236,2.0338494236102806,3.259298788781613
2023-12-30,47.04648730150798,22.628222170627264,55.582709149347735,8.047827053619018,2.9610214164585895,17.630744698218844,67.55259207714963,9.22257071238599,8.815107130118854,91.82577376482271,4.594613526230635,4.981528456425171,7.592681644159993
2023-12-31,59.70711869344186,21.276202341881067,70.34779292021405,19.951590743921727,3.181646675162687,14.314666029729205,69.52436007839268,14.023433781216129,17.605440748044224,38.24902688635245,2.092293633061414,5.7579818739935735,1.3013526955900423
